host,TTL,RTT
google.com,12,205.754995346
case.edu,5,40.5559539795
twitter.com,11,205.12509346
stackoverflow.com,15,8146.00896835
reddit.com,15,6844.33484077
mit.edu,8,144.5748806
github.com,32,80570.2970028
umass.edu,32,100507.03001
osu.edu,32,110178.907156
